{
    "1": {
        "id": 1,
        "pos": [
            -0.7954314621442999,
            -0.5396558798322608,
            0.9924831594911665
        ],
        "observations": {
            "0": 211,
            "1": 232,
            "2": 256,
            "3": 262,
            "4": 242,
            "5": 209,
            "6": 266,
            "7": 263,
            "9": 227,
            "10": 246,
            "11": 237,
            "12": 226,
            "13": 209
        },
        "descriptor": [
            232,
            141,
            31,
            245,
            5,
            205,
            101,
            39,
            236,
            99,
            110,
            24,
            183,
            183,
            0,
            115,
            192,
            54,
            122,
            8,
            113,
            184,
            242,
            47,
            229,
            249,
            80,
            16,
            0,
            72,
            214,
            170
        ],
        "normal_vector": [
            -0.0006672746200097612,
            -0.001713370786191909,
            -0.0014587557476817281
        ]
    },
    "3": {
        "id": 3,
        "pos": [
            -0.8319009044238921,
            -0.5651984708433941,
            1.0394253159477536
        ],
        "observations": {
            "0": 492,
            "1": 461,
            "2": 440,
            "3": 451,
            "4": 455,
            "5": 440
        },
        "descriptor": [
            196,
            194,
            190,
            26,
            49,
            216,
            112,
            128,
            255,
            85,
            35,
            149,
            239,
            206,
            110,
            88,
            163,
            33,
            236,
            20,
            6,
            37,
            174,
            113,
            139,
            246,
            80,
            75,
            210,
            133,
            103,
            86
        ],
        "normal_vector": [
            -0.00013583560527741234,
            -0.0019981101933759515,
            -0.0011876652335690019
        ]
    },
    "2": {
        "id": 2,
        "pos": [
            -0.80583993156794,
            -0.5480327020600534,
            1.0075168405088337
        ],
        "observations": {
            "0": 431,
            "1": 385
        },
        "descriptor": [
            207,
            185,
            149,
            58,
            171,
            237,
            20,
            135,
            187,
            219,
            161,
            253,
            206,
            230,
            74,
            159,
            135,
            99,
            236,
            23,
            119,
            71,
            218,
            98,
            136,
            210,
            93,
            126,
            200,
            116,
            139,
            87
        ],
        "normal_vector": [
            0.00015325159127804744,
            -0.0021313844909386648,
            -0.0010289529791425167
        ]
    },
    "0": {
        "id": 0,
        "pos": [
            -0.781116391083486,
            -0.5300434783127559,
            0.974517922819898
        ],
        "observations": {
            "0": 269,
            "1": 139,
            "2": 166
        },
        "descriptor": [
            50,
            225,
            122,
            233,
            118,
            3,
            250,
            92,
            15,
            160,
            250,
            130,
            29,
            143,
            52,
            0,
            254,
            141,
            23,
            240,
            194,
            179,
            20,
            221,
            242,
            205,
            163,
            164,
            53,
            138,
            97,
            136
        ],
        "normal_vector": [
            -0.0006704003956224391,
            -0.0017653668084028906,
            -0.0014894890006971195
        ]
    },
    "4": {
        "id": 4,
        "pos": [
            -0.82600935596365,
            -0.5612603765268329,
            1.032110959662139
        ],
        "observations": {
            "0": 479,
            "1": 477
        },
        "descriptor": [
            56,
            39,
            211,
            75,
            211,
            242,
            160,
            79,
            115,
            129,
            233,
            224,
            41,
            70,
            141,
            188,
            62,
            155,
            130,
            176,
            11,
            178,
            68,
            76,
            42,
            204,
            22,
            1,
            227,
            214,
            235,
            140
        ],
        "normal_vector": [
            -0.00011010462410587785,
            -0.002012954127487837,
            -0.0011751824772530117
        ]
    },
    "5": {
        "id": 5,
        "pos": [
            -0.7609195311327727,
            -0.5171575424313587,
            0.9504912341476871
        ],
        "observations": {
            "0": 319,
            "1": 271
        },
        "descriptor": [
            56,
            47,
            122,
            72,
            19,
            179,
            83,
            103,
            229,
            133,
            236,
            8,
            42,
            171,
            39,
            20,
            72,
            178,
            130,
            152,
            30,
            171,
            48,
            127,
            123,
            141,
            0,
            83,
            243,
            64,
            110,
            14
        ],
        "normal_vector": [
            -0.0001679060127082188,
            -0.001989332014799089,
            -0.0012092214935252588
        ]
    }
}